<?xml version="1.0" encoding="utf-8" ?>
<dwsync>
<file name="jdf.php" server="C:/Users/Hossein/Desktop/New folder/nahoorvoice/www.nahoorvoice.org" local="130545569600000000" remote="130545569600000000" Dst="1" />
<file name="favicon.ico" server="C:/Users/Hossein/Desktop/New folder/nahoorvoice/www.nahoorvoice.org" local="130523069100000000" remote="130523069100000000" Dst="1" />
<file name="sec-nav.php" server="C:/Users/Hossein/Desktop/New folder/nahoorvoice/www.nahoorvoice.org" local="130905996333592454" remote="130905996330000000" Dst="1" />
<file name="dbcon.php" server="C:/Users/Hossein/Desktop/New folder/nahoorvoice/www.nahoorvoice.org" local="130904995582653543" remote="130904995580000000" Dst="1" />
<file name="footer.php" server="C:/Users/Hossein/Desktop/New folder/nahoorvoice/www.nahoorvoice.org" local="130907030519496617" remote="130907030510000000" Dst="1" />
<file name="links_add.php" server="C:/Users/Hossein/Desktop/New folder/nahoorvoice/www.nahoorvoice.org" local="130906852691962283" remote="130906852690000000" Dst="1" />
<file name="blog_add.php" server="C:/Users/Hossein/Desktop/New folder/nahoorvoice/www.nahoorvoice.org" local="130906780134038896" remote="130906780130000000" Dst="1" />
<file name="member_add.php" server="C:/Users/Hossein/Desktop/New folder/nahoorvoice/www.nahoorvoice.org" local="130906854983425718" remote="130906854980000000" Dst="1" />
<file name="upload.php" server="C:/Users/Hossein/Desktop/New folder/nahoorvoice/www.nahoorvoice.org" local="130699574560000000" remote="130699574560000000" Dst="1" />
<file name="video_add.php" server="C:/Users/Hossein/Desktop/New folder/nahoorvoice/www.nahoorvoice.org" local="130906859565711129" remote="130906859560000000" Dst="1" />
<file name="about_add.php" server="C:/Users/Hossein/Desktop/New folder/nahoorvoice/www.nahoorvoice.org" local="130906864383886902" remote="130906864380000000" Dst="1" />
<file name="slide.php" server="C:/Users/Hossein/Desktop/New folder/nahoorvoice/www.nahoorvoice.org" local="130906781680086846" remote="130906781680000000" Dst="1" />
<file name="admin.php" server="C:/Users/Hossein/Desktop/New folder/nahoorvoice/www.nahoorvoice.org" local="130790915400000000" remote="130790915400000000" Dst="1" />
<file name="inbox.php" server="C:/Users/Hossein/Desktop/New folder/nahoorvoice/www.nahoorvoice.org" local="130906785927440219" remote="130906785920000000" Dst="1" />
<file name="links_del.php" server="C:/Users/Hossein/Desktop/New folder/nahoorvoice/www.nahoorvoice.org" local="130554353860000000" remote="130554353860000000" Dst="1" />
<file name="member_del.php" server="C:/Users/Hossein/Desktop/New folder/nahoorvoice/www.nahoorvoice.org" local="130906854240351698" remote="130906854240000000" Dst="1" />
<file name="blog_del.php" server="C:/Users/Hossein/Desktop/New folder/nahoorvoice/www.nahoorvoice.org" local="130444371900000000" remote="130444371900000000" Dst="1" />
<file name="video_del.php" server="C:/Users/Hossein/Desktop/New folder/nahoorvoice/www.nahoorvoice.org" local="130906860336055344" remote="130906860330000000" Dst="1" />
<file name="about_del.php" server="C:/Users/Hossein/Desktop/New folder/nahoorvoice/www.nahoorvoice.org" local="130906862721008375" remote="130906862720000000" Dst="1" />
</dwsync>