<?xml version="1.0" encoding="utf-8" ?>
<dwsync>
<file name="favicon.ico" server="C:/Users/Hossein/Desktop/New folder/nahoorvoice/www.nahoorvoice.org" local="130798818580000000" remote="130798818580000000" Dst="1" />
<file name="dbcon.php" server="C:/Users/Hossein/Desktop/New folder/nahoorvoice/www.nahoorvoice.org" local="130904599656844815" remote="130904599650000000" Dst="1" />
<file name="index.php" server="C:/Users/Hossein/Desktop/New folder/nahoorvoice/www.nahoorvoice.org" local="130907040397973128" remote="130907040390000000" Dst="1" />
<file name="reports.php" server="C:/Users/Hossein/Desktop/New folder/nahoorvoice/www.nahoorvoice.org" local="130906873272576910" remote="130906873270000000" Dst="1" />
<file name="gallery.php" server="C:/Users/Hossein/Desktop/New folder/nahoorvoice/www.nahoorvoice.org" local="130907048593799280" remote="130907048590000000" Dst="1" />
<file name="about.php" server="C:/Users/Hossein/Desktop/New folder/nahoorvoice/www.nahoorvoice.org" local="130906895578242067" remote="130906895570000000" Dst="1" />
<file name="contact.php" server="C:/Users/Hossein/Desktop/New folder/nahoorvoice/www.nahoorvoice.org" local="130906875759141626" remote="130906875750000000" Dst="1" />
<file name="loginverify.php" server="C:/Users/Hossein/Desktop/New folder/nahoorvoice/www.nahoorvoice.org" local="130904994900903722" remote="130904994900000000" Dst="1" />
<file name="login.php" server="C:/Users/Hossein/Desktop/New folder/nahoorvoice/www.nahoorvoice.org" local="130905347237494404" remote="130905347230000000" Dst="1" />
<file name="post.php" server="C:/Users/Hossein/Desktop/New folder/nahoorvoice/www.nahoorvoice.org" local="130905363414685888" remote="130905363410000000" Dst="1" />
<file name="members.php" server="C:/Users/Hossein/Desktop/New folder/nahoorvoice/www.nahoorvoice.org" local="130906873750113882" remote="130906873750000000" Dst="1" />
<file name="video.php" server="C:/Users/Hossein/Desktop/New folder/nahoorvoice/www.nahoorvoice.org" local="130906875218200740" remote="130906875210000000" Dst="1" />
<file name="cartoons.php" server="C:/Users/Hossein/Desktop/New folder/nahoorvoice/www.nahoorvoice.org" local="130790886560000000" remote="130790886560000000" Dst="1" />
<file name="guide.php" server="C:/Users/Hossein/Desktop/New folder/nahoorvoice/www.nahoorvoice.org" local="130556804840000000" remote="130556804840000000" Dst="1" />
</dwsync>