<?xml version="1.0" encoding="utf-8" ?>
<dwsync>
<file name="BYekan.ttf" server="C:/Users/Hossein/Desktop/New folder/nahoorvoice/www.nahoorvoice.org" local="126317147120000000" remote="126317147120000000" Dst="1" />
<file name="B_Mitra_Bold.ttf" server="C:/Users/Hossein/Desktop/New folder/nahoorvoice/www.nahoorvoice.org" local="126226698380000000" remote="126226698380000000" Dst="1" />
<file name="majallab.ttf" server="C:/Users/Hossein/Desktop/New folder/nahoorvoice/www.nahoorvoice.org" local="130216683000000000" remote="130216683000000000" Dst="1" />
<file name="majalla.ttf" server="C:/Users/Hossein/Desktop/New folder/nahoorvoice/www.nahoorvoice.org" local="130216683000000000" remote="130216683000000000" Dst="1" />
<file name="msuighur.ttf" server="C:/Users/Hossein/Desktop/New folder/nahoorvoice/www.nahoorvoice.org" local="130216683040000000" remote="130216683040000000" Dst="1" />
<file name="Two Light_MRT.ttf" server="C:/Users/Hossein/Desktop/New folder/nahoorvoice/www.nahoorvoice.org" local="127490832000000000" remote="127490832000000000" Dst="1" />
<file name="Two Medium_MRT.ttf" server="C:/Users/Hossein/Desktop/New folder/nahoorvoice/www.nahoorvoice.org" local="127490832000000000" remote="127490832000000000" Dst="1" />
<file name="Two Bold_MRT.ttf" server="C:/Users/Hossein/Desktop/New folder/nahoorvoice/www.nahoorvoice.org" local="127490832000000000" remote="127490832000000000" Dst="1" />
<file name="Dinar One Light_MRT.ttf" server="C:/Users/Hossein/Desktop/New folder/nahoorvoice/www.nahoorvoice.org" local="127490832000000000" remote="127490832000000000" Dst="1" />
<file name="Dinar One Medium_MRT.ttf" server="C:/Users/Hossein/Desktop/New folder/nahoorvoice/www.nahoorvoice.org" local="127490832000000000" remote="127490832000000000" Dst="1" />
<file name="Dinar Two Light_MRT.ttf" server="C:/Users/Hossein/Desktop/New folder/nahoorvoice/www.nahoorvoice.org" local="127490832000000000" remote="127490832000000000" Dst="1" />
<file name="Dinar Two Medium_MRT.ttf" server="C:/Users/Hossein/Desktop/New folder/nahoorvoice/www.nahoorvoice.org" local="127490832000000000" remote="127490832000000000" Dst="1" />
<file name="Mj_Dinar Two Medium.ttf" server="C:/Users/Hossein/Desktop/New folder/nahoorvoice/www.nahoorvoice.org" local="128396988460000000" remote="128396988460000000" Dst="1" />
<file name="Mj_Liner Screen.ttf" server="C:/Users/Hossein/Desktop/New folder/nahoorvoice/www.nahoorvoice.org" local="128301244020000000" remote="128301244020000000" Dst="1" />
</dwsync>